,product_name,refridgerated,frozen,dry
0,Organic Whole Milk,1,0,0
1,Organic Yellow Onion,1,0,0
2,Shredded Parmesan,1,0,0
3,Seedless Red Grapes,1,0,0
4,Organic Small Bunch Celery,1,0,0
5,Organic Lemon,1,0,0
6,Clementines,1,0,0
7,Organic Whole String Cheese,1,0,0
8,Organic Navel Orange,1,0,0
9,Organic Garnet Sweet Potato (Yam),1,0,0
10,Organic Fuji Apple,1,0,0
11,Broccoli Crown,1,0,0
12,Organic Grade A Free Range Large Brown Eggs,1,0,0
13,Organic Hass Avocado,1,0,0
14,Bag of Organic Bananas,1,0,0
15,Organic Baby Carrots,1,0,0
16,Organic Strawberries,1,0,0
17,Jalapeno Peppers,1,0,0
18,Organic Baby Spinach,1,0,0
19,Green Bell Pepper,1,0,0
20,Organic D'Anjou Pears,1,0,0
21,Boneless Skinless Chicken Breasts,1,0,0
22,Unsweetened Almondmilk,1,0,0
23,Banana,1,0,0
24,Organic Garlic,1,0,0
25,Limes,1,0,0
26,Organic Tomato Cluster,1,0,0
27,Organic Blackberries,1,0,0
28,Organic Half & Half,1,0,0
29,Fresh Cauliflower,1,0,0
30,Uncured Genoa Salami,1,0,0
31,Michigan Organic Kale,1,0,0
32,Organic Raspberries,1,0,0
33,Organic Cilantro,1,0,0
34,Cucumber Kirby,1,0,0
35,Original Hummus,1,0,0
36,Unsalted Butter,1,0,0
37,Grated Parmesan,1,0,0
38,Total 2% with Strawberry Lowfat Greek Strained Yogurt,1,0,0
39,Organic Italian Parsley Bunch,1,0,0
40,Organic Spring Mix,1,0,0
41,Organic Blueberries,1,0,0
42,Organic Kiwi,1,0,0
43,Organic Grape Tomatoes,1,0,0
44,Organic Romaine Lettuce,1,0,0
45,Organic Extra Firm Tofu,1,0,0
46,Organic Zucchini,1,0,0
47,Organic Ginger Root,1,0,0
48,Asparagus,1,0,0
49,Large Lemon,1,0,0
50,Uncured Hickory Smoked Sunday Bacon,1,0,0
51,Organic Chicken Thighs,1,0,0
52,Fresh Mozzarella Ball,1,0,0
53,Whipped Cream Cheese,1,0,0
54,85% Lean Ground Beef,1,0,0
55,Tuna Salad,1,0,0
56,Original Rotisserie Chicken,1,0,0
57,Smoked Salmon,1,0,0
58,Original Recipe Rice Pudding,1,0,0
59,Tilapia Filet,1,0,0
60,Ground Turkey Breast,1,0,0
61,Organic Basil,1,0,0
62,Organic Sour Cream,1,0,0
63,Watermelon Chunks,1,0,0
64,Organic Celery Hearts,1,0,0
65,Organic White Onions,1,0,0
66,Organic Bell Pepper,1,0,0
67,Brussels Sprouts,1,0,0
68,"Milk, Organic, Vitamin D",1,0,0
69,Total 2% Lowfat Greek Strained Yogurt with Peach,1,0,0
70,Sweet Onion,1,0,0
71,Organic Butternut Squash,1,0,0
72,Organic Thyme,1,0,0
73,European Cucumber,1,0,0
74,Organic Mint,1,0,0
75,Guacamole,1,0,0
76,Globe Eggplant,1,0,0
77,Spinach,1,0,0
78,Organic Beef Hot Dogs,1,0,0
79,Organic Dill,1,0,0
80,Natural Chicken & Sage Breakfast Sausage,1,0,0
81,Seedless Small Watermelon,1,0,0
82,Bing Cherries,1,0,0
83,Organic Iceberg Lettuce,1,0,0
84,"Cage Free Brown Eggs-Large, Grade A",1,0,0
85,Organic Original Hommus,1,0,0
86,Uncured Slow Cooked Ham,1,0,0
87,Organic Spaghetti Squash,1,0,0
88,English Seedless Cucumber,1,0,0
89,"Organic Milk Reduced Fat, 2% Milkfat",1,0,0
90,Cream Cheese Spread,1,0,0
91,Oven Roasted Turkey,1,0,0
92,Sugar Snap Peas,1,0,0
93,Green Tea With Ginseng and Honey,1,0,0
94,Organic Cauliflower,1,0,0
95,Organic Whipped Naturally Buttery Spread,1,0,0
96,Mandarin Oranges,1,0,0
97,Rainbow Bell Peppers,1,0,0
98,Reduced Fat Milk 100% Lactose Free,1,0,0
99,"Yogurt, Strained Low-Fat, Coconut",1,0,0
100,Frozen Organic Wild Blueberries,0,1,0
101,Pineapple Chunks,0,1,0
102,Organic Frozen Peas,0,1,0
103,Mango Chunks,0,1,0
104,Berry Medley,0,1,0
105,Organic Brown Rice,0,1,0
106,Gluten Free Whole Grain Bread,0,1,0
107,Organic Cheese Frozen Pizza,0,1,0
108,Organic Chopped Spinach,0,1,0
109,Organic Multigrain Waffles,0,1,0
110,Organic Mixed Vegetables,0,1,0
111,Organic Sliced Peaches,0,1,0
112,Naturals Chicken Nuggets,0,1,0
113,Pesto Tortellini  Bowls,0,1,0
114,Organic Edamame,0,1,0
115,Organic Beans & Rice Cheddar Cheese Burrito,0,1,0
116,Ice Cream Sandwiches Vanilla,0,1,0
117,Organic Cut Green Beans,0,1,0
118,Seven Grain Crispy Tenders,0,1,0
119,Mediterranean Mint Gelato,0,1,0
120,Sweet Potato Fries with Sea Salt,0,1,0
121,Organic Berry Blend,0,1,0
122,Mint Chip,0,1,0
123,Natural Chicken & Maple Breakfast Sausage Patty,0,1,0
124,Pad Thai,0,1,0
125,Organic Acai Berry Smoothie Packs,0,1,0
126,Watermelon Agave Frozen Pops,0,1,0
127,Petite Brussels Sprouts,0,1,0
128,Raw Shrimp,0,1,0
129,Dark Chocolate Covered Banana,0,1,0
130,Ice Bag,0,1,0
131,Vanilla Milk Chocolate Almond Ice Cream Bars,0,1,0
132,California Veggie Burgers - 4 CT,0,1,0
133,Light and Lean Quinoa Black Beans with Butternut Squash and Chard,0,1,0
134,Cheese Ravioli with Sauce Bowls,0,1,0
135,Pizza Dough,0,1,0
136,Sicilian Pistachio,0,1,0
137,Mexican Casserole Bowl,0,1,0
138,Fire Grilled Steak Bowl,0,1,0
139,Sesame Street Organic Mini Blueberry Pancakes,0,1,0
140,All Natural French Toast Sticks,0,1,0
141,Cut Okra,0,1,0
142,Country Cheddar Bowl,0,1,0
143,Artichoke Hearts,0,1,0
144,Black Bean Tamale Verde,0,1,0
145,Gluten Free Mushroom Risotto Bowl,0,1,0
146,Indian Paneer Tikka,0,1,0
147,Mocha Almond Fudge Minis Almond Milk Frozen Dessert,0,1,0
148,Crushed Garlic,0,1,0
149,Pepperoni Pizza Rolls,0,1,0
150,Organic Fire Roasted Corn,0,1,0
151,Baked Mini Beef Meatballs,0,1,0
152,Eggo Pancakes Minis,0,1,0
153,Tater Tots,0,1,0
154,Crispy Chick'n Sliders,0,1,0
155,Original Whipped Topping,0,1,0
156,Shelled Edamame,0,1,0
157,Tater Puffs,0,1,0
158,Shepherd's Pie,0,1,0
159,Gluten Free Paleo Fettuccine,0,1,0
160,Pearl Onions,0,1,0
161,Enchilada Black Bean Vegetable,0,1,0
162,Breaded Fish Sticks,0,1,0
163,"Eggs, Cheese & Turkey Sausage Breakfast Burrito",0,1,0
164,Uncrustables Peanut Butter & Grape Jelly Sandwich,0,1,0
165,Onion Rings,0,1,0
166,Delights Turkey Sausage Egg Whites & Cheese English Muffin,0,1,0
167,Pastry Kitchens Classic Puff Pastry,0,1,0
168,Chipotle Lime Meat-Free Crispy Fingers,0,1,0
169,Golden Fishless Filet,0,1,0
170,Breakfast Veggie Bacon Strips,0,1,0
171,Lightly Seasoned Chick'n Scallopini,0,1,0
172,Meatloaf and Mashed Potatoes,0,1,0
173,Egg & Smoked Gouda Multi-Grain Flatbread Breakfast Sandwich,0,1,0
174,Baked Soft Pretzels,0,1,0
175,Non Dairy Coffee Caramel Fudge,0,1,0
176,Teriyaki Meal Bowls,0,1,0
177,Thai Green Curry,0,1,0
178,Gluten Free Original Baguettes,0,1,0
179,Meatles  Soy Gluten-Free Grounds,0,1,0
180,Italian Herbs & Olive Oil Mozzarella Stix,0,1,0
181,Drumsticks,0,1,0
182,Spa Cuisine Butternut Squash Ravioli,0,1,0
183,Corn Meal Pizza Crust,0,1,0
184,Chicken-Free Strips Seasoned,0,1,0
185,Gluten Free Hamburger Buns,0,1,0
186,Comfort Roasted Turkey Breast Dinner,0,1,0
187,Freeze Dried Strawberry Slices,0,1,0
188,Microwaveable 100% Beef Cheeseburgers,0,1,0
189,Toaster Strudel Strawberry Pastries,0,1,0
190,"Lasagna, Vegetable, with Daiya Cheeze",0,1,0
191,Organic Pomegranate Kernels,0,1,0
192,Buffalo Wings,0,1,0
193,Premium Selects Brussels Sprouts,0,1,0
194,Gluten Free Plain Tortilla,0,1,0
195,Tilapia Fillets,0,1,0
196,Home Style Beefless Tips,0,1,0
197,Gluten Free Cinnamon French Toast Sticks,0,1,0
198,Hash Browns Country Style,0,1,0
199,Dairy Free Vegetable Pot Pie,0,1,0
200,Sparkling Water Grapefruit,0,0,1
201,100% Whole Wheat Bread,0,0,1
202,Extra Virgin Olive Oil,0,0,1
203,Organic Black Beans,0,0,1
204,Soda,0,0,1
205,100% Recycled Paper Towels,0,0,1
206,Honey Nut Cheerios,0,0,1
207,Original Orange Juice,0,0,1
208,Lightly Salted Baked Snap Pea Crisps,0,0,1
209,Organic Bread with 21 Whole Grains,0,0,1
210,Organic Diced Tomatoes,0,0,1
211,Organic Raw Kombucha Gingerade,0,0,1
212,Creamy Almond Butter,0,0,1
213,Marinara Sauce,0,0,1
214,Lemonade,0,0,1
215,Organic Old Fashioned Rolled Oats,0,0,1
216,Sustainably Soft Bath Tissue,0,0,1
217,Fridge Pack Cola,0,0,1
218,Sea Salt Pita Chips,0,0,1
219,Organic Low Sodium Chicken Broth,0,0,1
220,Trilogy Kombucha Drink,0,0,1
221,Original Veggie Straws,0,0,1
222,Basil Pesto,0,0,1
223,Organic AppleApple,0,0,1
224,Organic Ketchup,0,0,1
225,Raisin Bran Cereal,0,0,1
226,Spaghetti,0,0,1
227,Pretzel Crisps Original Deli Style Pretzel Crackers,0,0,1
228,Original Nooks & Crannies English Muffins,0,0,1
229,Mild Salsa,0,0,1
230,Strawberry Preserves,0,0,1
231,Corn Tortillas,0,0,1
232,Trail Mix,0,0,1
233,Organic Bunny Fruit Snacks Berry Patch,0,0,1
234,Chocolate Chip Cookies,0,0,1
235,Baked Aged White Cheddar Rice and Corn Puffs,0,0,1
236,Ginger Ale,0,0,1
237,Cinnamon Rolls with Icing,0,0,1
238,Almonds & Sea Salt in Dark Chocolate,0,0,1
239,Light Brown Sugar,0,0,1
240,Organic Whole Kernel Sweet Corn No Salt Added,0,0,1
241,Whole Almonds,0,0,1
242,Hint Of Sea Salt Almond Nut Thins,0,0,1
243,Organic Whole Cashews,0,0,1
244,Organic Thompson Seedless Raisins,0,0,1
245,Aluminum Foil,0,0,1
246,Organic Chicken Stock,0,0,1
247,100 Calorie  Per Bag Popcorn,0,0,1
248,Plain Bagels,0,0,1
249,Organic Macaroni Shells & Real Aged Cheddar,0,0,1
250,Organic Sea Salt Roasted Seaweed Snacks,0,0,1
251,Organic Strawberry Fruit Spread,0,0,1
252,Gluten Free Dark Chocolate Chunk Chewy with a Crunch Granola Bars,0,0,1
253,Organic Dijon Mustard,0,0,1
254,Dried Mango,0,0,1
255,Organic Medjool Dates,0,0,1
256,Sliced Black Olives,0,0,1
257,Coke Classic,0,0,1
258,Organic Vanilla Extract,0,0,1
259,Real Mayonnaise,0,0,1
260,Authentic French Brioche Hamburger Buns,0,0,1
261,Extra Fancy Unsalted Mixed Nuts,0,0,1
262,Chopped Walnuts,0,0,1
263,Walnut Halves & Pieces,0,0,1
264,Taco Seasoning,0,0,1
265,Orange Calcium & Vitamin D Pulp Free,0,0,1
266,Organic Distilled White Vinegar,0,0,1
267,Natural Free & Clear Dish Liquid,0,0,1
268,Penne Rigate,0,0,1
269,Macaroni Shells & White Cheddar Cheese,0,0,1
270,Apple Cinnamon GoGo Squeez,0,0,1
271,"Juice Beverage, Cold Pressed, Kale Apple Ginger Romaine Spinach Cucumber Celery Parsley Lemon",0,0,1
272,Baby Food Stage 2 Blueberry Pear & Purple Carrot,0,0,1
273,Spinach Peas & Pear Stage 2 Baby Food,0,0,1
274,Organic Short Grain Brown Rice,0,0,1
275,100% Pure Pumpkin,0,0,1
276,Cold Brew Coffee,0,0,1
277,Organic Unbleached All-Purpose Flour,0,0,1
278,Panko Bread Crumbs,0,0,1
279,Oats & Honey Gluten Free Granola,0,0,1
280,Sauvignon Blanc,0,0,1
281,Root Beer,0,0,1
282,Spaghetti Pasta,0,0,1
283,Organic Red Lentils,0,0,1
284,Flaky Biscuits,0,0,1
285,Pure Baking Soda,0,0,1
286,Authentic French Brioche,0,0,1
287,Organic Whole Wheat Fusilli,0,0,1
288,ZBar Organic Chocolate Brownie Energy Snack,0,0,1
289,Dark Chocolate Pretzels with Sea Salt,0,0,1
290,Cucumber & Garlic  Tzatziki,0,0,1
291,Raisins,0,0,1
292,Organic Chicken Noodle Soup,0,0,1
293,Sweet Baguette,0,0,1
294,Organic Raw Multigreen Kobmbucha,0,0,1
295,Original Beef Jerky,0,0,1
296,Ranch Dressing,0,0,1
297,Lemon Verbena Dish Soap,0,0,1
298,Peanut Butter Creamy With Salt,0,0,1
299,Crackers Harvest Whole Wheat,0,0,1
300,Premium Unsweetened Iced Tea,0,0,1
301,Sourdough Baguette,0,0,1
302,Gallon Freezer Bags,0,0,1
303,Garlic Powder,0,0,1
304,Free & Clear Unscented Baby Wipes,0,0,1
305,Gluten Free SpongeBob Spinach Littles,0,0,1
306,Dried Sweetened Cranberries,0,0,1
307,Pitted Dates,0,0,1
308,Mild Diced Green Chiles,0,0,1
309,Garlic Couscous,0,0,1
310,Oregano,0,0,1
311,Cabernet Sauvignon,0,0,1
312,Chardonnay,0,0,1
313,Original Instant Oatmeal,0,0,1
314,"Tomatoes, Whole Peeled",0,0,1
315,Kids Sensible Foods Broccoli Littles,0,0,1
316,Gogo Squeez Organic Apple Strawberry Applesauce on the Go,0,0,1
317,Coke Zero,0,0,1
318,Vodka,0,0,1
319,Plain Bagelettes,0,0,1
320,Just Mayo,0,0,1
321,Naked Green Machine Boosted Juice Smoothie,0,0,1
322,Macaroni & Cheese Dinner Original Flavor,0,0,1
323,Free & Clear Natural Laundry Detergent For Sensitive Skin,0,0,1
324,Major Dickason's Blend Ground Coffee Dark Roast,0,0,1
325,Pink Lady Apple Kombucha,0,0,1
326,French Baguette,0,0,1
327,"Organic Pears, Peas and Broccoli Puree Stage 1",0,0,1
328,Gluten Free Pretzel Sticks,0,0,1
329,Peanut Butter Whole Grain Clusters,0,0,1
330,Ground Cumin,0,0,1
331,Coconut Cream Pie,0,0,1
332,Beet Apple Carrot Lemon Ginger Organic Cold Pressed Juice Beverage,0,0,1
333,Baby Food Stage 2 Pumpkin Banana,0,0,1
334,"Ginger Root Beer, Naturally Flavored Zero Calorie Soda, Caffeine Free",0,0,1
335,Classic Mix Variety,0,0,1
336,Organic Kosher Dill Pickles,0,0,1
337,Tangerine,0,0,1
338,Wild Albacore Tuna No Salt Added,0,0,1
339,Chocolate Chip Cookie Dough,0,0,1
340,Organic Light Agave Nectar,0,0,1
341,Organic Pumpkin,0,0,1
342,Fluoride-Free Antiplaque & Whitening Peppermint Toothpaste,0,0,1
343,Pinot Noir,0,0,1
344,Orange & Lemon Flavor Variety Pack Sparkling Fruit Beverage,0,0,1
345,Premium Epsom Salt,0,0,1
346,Cotton Swabs,0,0,1
347,Wide Egg Noodles,0,0,1
348,Original Syrup,0,0,1
349,Variety Pack,0,0,1
350,Active Dry Yeast,0,0,1
351,Ground Black Pepper,0,0,1
352,"Wild Non-Pareil Capers, Sunkissed in the Mediterranean",0,0,1
353,Sweet & Salty Nut Granola Bars Peanut,0,0,1
354,Whole Hearts of Palm,0,0,1
355,Cinnamon Brown Sugar Breakfast Biscuits,0,0,1
356,Organic Strawberry Banana Fruit Yogurt Smoothie,0,0,1
357,Natural Liquid Laundry Detergent - Blue Eucalyptus and Lavender,0,0,1
358,Rosemary & Olive Oil Quinoa Blend,0,0,1
359,Essential Greens With Lime  Vegetable and Fruit Juice Blend,0,0,1
360,Sensitive Toilet Paper,0,0,1
361,9 Inch Plates,0,0,1
362,Nutri Grain Bars Multi Pack,0,0,1
363,Dishwasher Gel Free & Clear,0,0,1
364,Salsa Con Queso Medium,0,0,1
365,French Loaf,0,0,1
366,Organic Turmeric,0,0,1
367,Maple Quinoa Cluster With Chia Seeds,0,0,1
368,Pinot Grigio,0,0,1
369,Rosemary Mini Croccantini,0,0,1
370,"Chicken Base, Organic",0,0,1
371,Organic Black Mission Figs,0,0,1
372,Classic Almond Butter All Natural,0,0,1
373,Diet,0,0,1
374,Cinnamon Toast Crunch,0,0,1
375,Sliced Water Chestnuts,0,0,1
376,Gluten Free Pizza Crust,0,0,1
377,First Prunes,0,0,1
378,Ready-to-Bake 9 Inch Pie Crusts,0,0,1
379,Lemon Lime Thirst Quencher,0,0,1
380,100% Recycled Aluminum Foil,0,0,1
381,Plastic Wrap,0,0,1
382,Whole Chia Seeds,0,0,1
383,Cinnamon,0,0,1
384,Apples + Strawberries Organic Nibbly Fingers,0,0,1
385,Nutritional Yeast Seasoning,0,0,1
386,Chick Peas,0,0,1
387,No Calorie Sweetener Packets,0,0,1
388,"Freshly Made. Filled with Creamy Ricotta, Aged Parmesan and Romano Cheeses Three Cheese Tortellini",0,0,1
389,Macaroni Elbows,0,0,1
390,Frosted Flakes,0,0,1
391,Vitamin C Super Orange Dietary Supplement,0,0,1
392,Minced Ginger,0,0,1
393,Bay Leaves,0,0,1
394,Sour Batard,0,0,1
395,Apricots,0,0,1
396,VitaminWater Zero™ XXX Acai Blueberry Pomegranate,0,0,1
397,Frosted berry Strawberry Toaster Pastries,0,0,1
398,"Disinfecting Wipes, Lemon",0,0,1
399,Easy Open TabsBags,0,0,1
400,Ruby Red Grapefruit,0,0,1
401,Chives,0,0,1
402,Original Cooking Spray,0,0,1
403,"Muffins, Flax, Wild Blueberry",0,0,1
404,Disinfecting Wipes Fresh Scent,0,0,1
405,Pineapple Apple Mint Organic Cold Pressed Juicd,0,0,1
406,Organic Red Wine Vineger,0,0,1
407,Shelled Pistachios,0,0,1
408,Water Mineral,0,0,1
409,Buttermilk Biscuits,0,0,1
410,Everyday 2 Ply Premium Napkins,0,0,1
411,Vitamin D Added Evaporated Milk,0,0,1
412,Organic Infant Formula With Iron,0,0,1
413,Kitchen Scrubber Sponge,0,0,1
414,No Boil Lasagna,0,0,1
415,Classic Air-Puffed Vanilla Flavored Marshmallows,0,0,1
416,Apple Apple Applesauce On The Go Pouches,0,0,1
417,"Polenta, Organic, Traditional Italian",0,0,1
418,Unsweetened Cocoa Powder,0,0,1
419,Jet Puffed Miniature Marshmallows,0,0,1
420,Black Peppercorns,0,0,1
421,Organic Celery Bunch,0,0,1
422,Non-Scratch Scrub Sponges,0,0,1
423,Tofu Miso Ramen,0,0,1
424,Naturе's Calorie-Free Sweetener,0,0,1
425,Ancient Grain Granola Cranberry Pecan,0,0,1
426,Pistachios,0,0,1
427,Tall Kitchen Bag With Febreze Odor Shield,0,0,1
428,April Fresh Liquid Fabric Softener,0,0,1
429,Tortilla Strips Restaurant Style,0,0,1
430,Cold-Pressed Organic Grapefruit,0,0,1
431,All Purpose Cleaner,0,0,1
432,Organic Vitality Snack Chia Squeeze Blackberry Bliss,0,0,1
433,Multi Grain Sandwich Thins,0,0,1
434,Peppermint,0,0,1
435,Pearled Couscous Original Plain,0,0,1
436,Pure Kosher Dills,0,0,1
437,White Pita,0,0,1
438,Potato Chips Sweet Potato,0,0,1
439,Uncured Cracked Pepper Beef,0,0,1
440,Organic Reduced Sodium Tamari,0,0,1
441,Peanut Chocolate Candy,0,0,1
442,Regular,0,0,1
443,Black Beans Reduced Sodium,0,0,1
444,Sesame Seed,0,0,1
445,Mellow White Miso,0,0,1
446,Free & Clear Bleach,0,0,1
447,Kale Krunch The Original Quite Cheezy,0,0,1
448,Garbanzo Beans No Salt Added,0,0,1
449,Max Gel Clog Remover,0,0,1
450,Organic Fettuccine,0,0,1
451,Nilla Wafers,0,0,1
452,Plastic Spoons,0,0,1
453,Chicharrones Fried Pork Rinds,0,0,1
454,Deep Moisture Body Wash,0,0,1
455,Grain Free Chicken Formula Cat Food,0,0,1
456,Steak Strips,0,0,1
457,Organic Balsamic Vinaigrette,0,0,1
458,Organic Mountain Forest Honey Light Amber,0,0,1
459,Pike Place Roast Medium Keurig Brewed K-Cups,0,0,1
460,Light CocoWhip! Coconut Whipped Topping,0,0,1
461,Jet-Puffed Marshmallows,0,0,1
462,Super Soft Flour Tortillas Fajita Size 20 ct,0,0,1
463,Fajita Seasoning,0,0,1
464,Red Plastic Cups,0,0,1
465,Glacier Freeze Frost,0,0,1
466,Wild Alaskan Pink Salmon,0,0,1
467,Raisin Bran,0,0,1
468,Organic Lowfat Mango Kefir,0,0,1
469,Original Flavor Macaroni & Cheese Dinner,0,0,1
470,Oven Ready Lasagna,0,0,1
471,Organic Medium Chili,0,0,1
472,Smarty Dish Free and Clear Dishwasher Tablets,0,0,1
473,Versatile Stain Remover,0,0,1
474,"Tomatoes, Crushed, Organic",0,0,1
475,Tender Chicken & Stars Stage 3,0,0,1
476,Organic Really Peely Bendy Berry Fruit Tape,0,0,1
477,Sugarfree,0,0,1
478,Chocolate Strong Dark,0,0,1
479,Enlighten Mint Organic,0,0,1
480,Cherry Preserves,0,0,1
481,Made with Extra Virgin Olive Oil Pesto sauce with Basil,0,0,1
482,Grands! Flaky Layers Original Biscuits,0,0,1
483,Instant Action Cat Litter,0,0,1
484,Dijon Mustard Squeeze Bottle,0,0,1
485,Jalapeno,0,0,1
486,Peanut Butter Protein Replenishment Macrobar,0,0,1
487,Truffle Popcorn,0,0,1
488,Crunchy Chickpeas Falafel,0,0,1
489,Organic Orange Juice with Pulp,0,0,1
490,Seedless Strawberry Jam,0,0,1
491,Heavy Duty Aluminum Foil,0,0,1
492,Cheese Ravioli,0,0,1
493,"Select-A-Size Paper Towels, White",0,0,1
494,Fabric Softener Dryer Sheet Outdoor Fresh 160CT Fabric Enhancers,0,0,1
495,Flexible Straws,0,0,1
496,Vegetable Turkey Dinner Stage 2,0,0,1
497,Garden Spinach Herb 6 Ct Wraps,0,0,1
498,Cacao Powder,0,0,1
499,Diced Hot Green Chiles,0,0,1
500,Traditional 98% Fat Free,0,0,1
501,Original Fruit Chews,0,0,1
502,The Original Natural Herb Drops Cough Suppressant,0,0,1
503,Cool Mint® Antiseptic Adult Mouthwash,0,0,1
504,Organic Letter of the Day Oatmeal Cinnamon Cookies,0,0,1
505,Blueberry English Tea Scones,0,0,1
506,Salty Date Raincoast Crisps,0,0,1
507,Organic Hot Cocoa Mix,0,0,1
508,Petite Butter Croissant,0,0,1
509,Tall Kitchen Trash Bags with Flap Closure 13 gallon,0,0,1
510,Ultra Built Strong Paper Bowls,0,0,1
511,Gluten Free Fudge Covered Pretzels,0,0,1
512,Straightshot Probiotic Oat Drink,0,0,1
513,Dolmas Stuffed Grape Leaves,0,0,1
514,Rustic Baguette,0,0,1
515,Merlot,0,0,1
516,Vegan Smooth Chocolate Nutritional Shake,0,0,1
517,Baby Wipes Sensitive,0,0,1
518,Cranberry Almond Chicken Salad,0,0,1
519,Cheddar Cheezy Mac,0,0,1
520,Organic Cheesy Ravioli,0,0,1
521,Wastebasket Liners,0,0,1
522,Fruit Punch,0,0,1
523,Raspberry Lime Seltzer,0,0,1
524,Brownie Bites,0,0,1
525,Little Bites Blueberry Muffin Pouches,0,0,1
526,Lightly Breaded Fish Sticks,0,0,1
527,Organic Oil Canola,0,0,1
528,Olive Oil & Sel Gris Sourdough Flatbread,0,0,1
529,Watermelon Lemonade,0,0,1
530,Gluten Free Panko Breadcrumbs,0,0,1
531,Organics Gummy Bears,0,0,1
532,Vanilla Cupcakes,0,0,1
533,Premium Belgian Lager,0,0,1
534,Cocoa Powder,0,0,1
535,Jasmine Green Iced Tea,0,0,1
536,Rose,0,0,1
537,Moroccan Argan Oil + Argan Stem Cell Triple Moisture Conditioner,0,0,1
538,Coppertop AA Batteries,0,0,1
539,Jet-Dry Original Rinse Aid,0,0,1
540,Nacho Sliced Jalapenos,0,0,1
541,Spearmint Sugar-Free Gum,0,0,1
542,Kit Kat & Reese's Assorted Miniatures,0,0,1
543,House Napa Cabbage,0,0,1
544,CASCAD ACTION PACS REG 60CT,0,0,1
545,Organic Royal Rainbow Quinoa,0,0,1
546,Organic Jelly Beans,0,0,1
547,IPA,0,0,1
548,Dark Chocolate Sea Salt Caramels,0,0,1
549,Prepared White Horseradish,0,0,1
550,Raw Probiotics Women probiotic 85 Billion 32 Strains capsules,0,0,1
551,Swiss Rolls,0,0,1
552,Medium Salsa Con Queso,0,0,1
553,Mexican Style Hominy,0,0,1
554,Fresh Care Flushable Cleansing Cloths Refills,0,0,1
555,Freshmates Double Pack Adult Flushable Wipes,0,0,1
556,Free & Clear Diapers,0,0,1
557,Organix Grain Free Chicken & Vegetable Dog Food,0,0,1
558,Antioxidant Infusions Costa Rica Clementine,0,0,1
559,Gelatin Free Snacks Natural Orange Gels,0,0,1
560,Tulips 10 Stem,0,0,1
561,Organic Ice Cream Cones,0,0,1
562,Golden Raisins,0,0,1
563,Magic Eraser Extra Power,0,0,1
564,Licorice Soft Eating Raspberry,0,0,1
565,Tofu Shirataki,0,0,1
566,Angel Food Cake,0,0,1
567,Brut,0,0,1
568,"Almondmilk, Pure, Chocolate Protein",0,0,1
569,Organic Diced Tomatoes with Italian Herbs,0,0,1
570,Harvest Snaps Wasabi Ranch,0,0,1
571,"Antibacterial Kitchen All Purpose Spray Cleaner, Lemon Fresh",0,0,1
572,Miniatures Assortment Party Bag,0,0,1
573,Ibuprofen Liquid Gels,0,0,1
574,Gluten Free Matzo-Style Squares,0,0,1
575,Assorted Compostable Flatware,0,0,1
576,Variety Pack Hard Cider,0,0,1
577,Gobble Gobble Turkey Pouch Stage 3,0,0,1
578,Lite Coconut Milk,0,0,1
579,Classic Fajita Skillet Sauce with Chipotle and Lime,0,0,1
580,Donettes Powdered Mini Donuts,0,0,1
581,Flat Fillets of Anchovies,0,0,1
582,Special K Original,0,0,1
583,Ripened Raspberry Fruit Leather,0,0,1
584,Makeup Remover Cleansing Towelettes,0,0,1
585,Prosecco,0,0,1
586,Tropical Punch,0,0,1
587,Organic Honey Grade A,0,0,1
588,Peppercorn Medley Grinder,0,0,1
589,Gluten Free Dream Cookies Chocolate Vanilla Creme,0,0,1
590,Instant Vanilla Pudding & Pie Filling,0,0,1
591,Concord Grape Jelly,0,0,1
592,Coffee Cold-Brew Espresso,0,0,1
593,G Series Blueberry Pomegranate,0,0,1
594,Classic Pancakes,0,0,1
595,Tea Tree Oil Dental Floss,0,0,1
596,Madras Lentils Indian Cuisine,0,0,1
597,Uncured Beef Hot Dog,0,0,1
598,Naked Sponges - 2 CT,0,0,1
599,Smoked Paprika,0,0,1
600,"Goji Berries, Sun-Dried",0,0,1
601,Raw Hummus,0,0,1
602,Israeli Couscous,0,0,1
603,Reese Puffs,0,0,1
604,Organic Mild Vinegar Beets,0,0,1
605,Lavender Fabric Softening Dryer Sheets,0,0,1
606,Mediterranean Apricots,0,0,1
607,Ultra Dawn Ultra Dishwashing Liquid Antibacterial Orange 21.6 Oz Dish Care,0,0,1
608,Farmhouse Culture Classic Caraway Kraut,0,0,1
609,Cilantro Bunch,0,0,1
610,Large Croissants,0,0,1
611,Primordial Himalayan Sea Salt,0,0,1
612,Fruit & Cream Variety Pack,0,0,1
613,Organic Cotton Balls,0,0,1
614,Raspberry Filmjolk Non-Fat Drinkable Yogurt,0,0,1
615,"Garam Masala, Organic",0,0,1
616,Half Steam Pan,0,0,1
617,Toilet Bowl Cleaner with Bleach Rain Clean,0,0,1
618,Snack Sticks Chicken & Rice Recipe Dog Treats,0,0,1
619,"Healthy Grains with Chia Seeds, Raspberry Clusters",0,0,1
620,Whiskey,0,0,1
621,All Natural Fresh Buttermilk Ranch Dressing Marinade,0,0,1
622,Select Tender Chicken with Vegetables & Brown Rice Dog Food Recipe,0,0,1
623,Zinfandel,0,0,1
624,Wasabi Peas,0,0,1
625,Moisturizing Lotion,0,0,1
626,Hair Shampoos,0,0,1
627,Organic Mountain Berry Spinach,0,0,1
628,"Caesar Salad Croutons, Restaurant Style",0,0,1
629,Entrée Containers & Lids,0,0,1
630,"Capers, Non-Pareil",0,0,1
631,Seedlander Crispbreads,0,0,1
632,"Fancy Lump White, Crab Meat",0,0,1
633,"Flaxseed Meal, Whole Ground",0,0,1
634,Organic Tree Ripened Plums,0,0,1
635,BBQ,0,0,1
636,Organic Dailt Vitamin Pops,0,0,1
637,Blue Cheese Dressing & Dip,0,0,1
638,Cayenne Cleanse Kombucha,0,0,1
639,Coldcalm Homeopathic Tablets,0,0,1
640,"Action Pacs, Fresh Scent with Dawn",0,0,1
641,Organic Chickpeas Ready To Eat,0,0,1
642,"Bucatini, No. 15",0,0,1
643,"Plates, Ultra, 10-1/16 Inch",0,0,1
644,Matcha Powder,0,0,1
645,Organic Stevia Sweetener,0,0,1
646,FreshCare Flushable Cleansing Cloths Refill,0,0,1
647,Thirst Quencher Lemon-Lime,0,0,1
648,Unscented Long Lasting Stick Deodorant,0,0,1
649,Flushable Moist Wipes,0,0,1
650,Pad Refills,0,0,1
651,Nuggets Assortment,0,0,1
652,S'mores Ice Cream,0,0,1
653,Parsley Flakes,0,0,1
654,Versatile Stain Remover 65 Loads,0,0,1
655,Chai Vanilla Protein Protein Shake,0,0,1
656,Organic Frozen Blueberries,0,0,1
657,Organic Asian Chopped Salad Kit,0,0,1
658,Puerto Rican Rum,0,0,1
659,Muesli,0,0,1
660,Multi Surface Antibacterial,0,0,1
661,Maple Pecan,0,0,1
662,Spicy Kimchi,0,0,1
663,Dutch Cocoa Flavor Crunchy Nuggets,0,0,1
664,Organic Linguine,0,0,1
665,Arnica Montana 30 C,0,0,1
666,Lavender Hand Sanitizer Wipes,0,0,1
667,Silver Tequila,0,0,1
668,Chunky New England Clam Chowder,0,0,1
669,Original Bobos Bites,0,0,1
670,Gluten Free Rotini,0,0,1
671,"Bread, Jewish Rye",0,0,1
672,Guava Nectar,0,0,1
673,Giant Peach,0,0,1
674,Alcohol-Free Witch Hazel Rose Petal Toner,0,0,1
675,LemonMint Herb Throat Drops,0,0,1
676,Organic Grated Ginger,0,0,1
677,Organic Yerba Mate Traditional,0,0,1
678,Extra Strength Pain Reliever and Fever Reducer Caplets for Adults,0,0,1
679,Thyme Leaves,0,0,1
680,Handy Size Sponges,0,0,1
681,Organic Buttery Rich Classics,0,0,1
682,RapidRise Yeast,0,0,1
683,Organic Ville Organic Pasta Sauce Marinara,0,0,1
684,Pop'ems Glazed Donut Holes,0,0,1
685,"Soap, Pure-Castile, All-One Hemp Almond",0,0,1
686,Diced Jalapenos,0,0,1
687,Brioche,0,0,1
688,Popped Corn Chips Kettle,0,0,1
689,Pomegranate Terere,0,0,1
690,Breadstick,0,0,1
691,Spring Water Antibacterial Liquid Hand Soap with Moisturizer,0,0,1
692,Blonde Macaroons,0,0,1
693,Soft Toothbrush,0,0,1
694,Creamer,0,0,1
695,Cat Treats Temptations Seafood Medley,0,0,1
696,Mango Chutney,0,0,1
697,"Tri Fun Pack Fruit Loops, Cocoa Krispies; Apple Jacks",0,0,1
698,"Shampoo, Body Wash, Bubble Bath Coconut+Lemon",0,0,1
699,Organic Broccoli Sprouts,0,0,1
700,Panama Peach Antioxidant Infusion,0,0,1
701,"Pain Reliever/Fever Reducer (NSAID), Ibuprofen 200mg",0,0,1
702,Vegan Raw Garlic Fluffy Spread,0,0,1
703,Organic Crookneck Squash,0,0,1
704,Honey Lemon Menthol Drops Cough Suppressant/Oral Anesthetic,0,0,1
705,"Olive Oil, Extra Virgin, California",0,0,1
706,Finely Ground Natural Almond Meal,0,0,1
707,"Crispy Fruit, Apple",0,0,1
708,Organic Turkey Gravy,0,0,1
709,Pearl Super Absorbency Unscented Tampons,0,0,1
710,Organic Regular Cotton Tampons No Applicator,0,0,1
711,Key Lime Pie,0,0,1
712,Original Ultra Concentrated Ultra Concentrated,0,0,1
713,Kids Berry Probiotic Chewables,0,0,1
714,Egg Matzos,0,0,1
715,Popcorn Popping Kernels,0,0,1
716,Fat-Free Refried Beans,0,0,1
717,Fancy Sliced Water Chestnuts,0,0,1
718,Party Flexible Straws,0,0,1
719,Egg Roll Wraps,0,0,1
720,"Clean Care Toilet Paper, Double Rolls, 1 Ply",0,0,1
721,Creamy Supreme Vanilla Frosting,0,0,1
722,New York Cheesecake Slice,0,0,1
723,Real Bacon Bits,0,0,1
724,The Original Irish Creme Liquer,0,0,1
725,Crumbled Bacon,0,0,1
726,Organic Maca Mocha Elixir,0,0,1
727,Duck Fat,0,0,1
728,Rapid Rise Fast Acting Instant Yeast,0,0,1
729,"Baked Beans, Vegetarian",0,0,1
730,Totz Toothbrush Extra Soft 18+ Months,0,0,1
731,Organic Hazelnuts,0,0,1
732,Gluten Free Cracklebred Multigrain,0,0,1
733,"Green Beans, Organic, Cut",0,0,1
734,Harvest Best in 100% Fruit Juice Mandarin Oranges,0,0,1
735,De Mexico Bottle,0,0,1
736,Udo's Choice Super 8 Probiotic Capsules,0,0,1
737,Packaging Tape High Performance,0,0,1
738,Mayo Sriracha,0,0,1
739,Imported Capote Capers,0,0,1
740,Homestyle Ranch,0,0,1
741,Packets No Calorie Sweetener,0,0,1
742,Prenatal DHA,0,0,1
743,The Yellow One Squished Smoothie Fruits,0,0,1
744,Organic Gut Shot Ginger Beet Probiotic Drink,0,0,1
745,Brut Cuvee Sparkling Champagne,0,0,1
746,2nd Foods Chicken & Gravy,0,0,1
747,After The Rain Gel Air Freshener,0,0,1
748,Ibuprofen,0,0,1
749,Scented Soy Lavender Candle,0,0,1
750,Soft Eating Strawberry Flavored Licorice,0,0,1
751,Rich Frosted Donuts,0,0,1
752,Cheesecake,0,0,1
753,Muscat Grape Jelly,0,0,1
754,"Pinot Noir, California",0,0,1
755,Complete Powder,0,0,1
756,Gluten Free Artisan Chia Seeds Nut-Thins,0,0,1
757,Crystallized Ginger,0,0,1
758,Swanson Premium Chicken Breast Chunks,0,0,1
759,Disinfecting Toilet Wand Refills,0,0,1
760,Round Toothpicks,0,0,1
761,Lemonlime Electrolyte Tabs,0,0,1
762,Soleil Twilight Triple Blade Disposable Razor for Women,0,0,1
763,Fresh Alfredo,0,0,1
764,Air Effects Linen & Sky Air Refresher,0,0,1
765,Original Sambucus Elderberry Syrup,0,0,1
766,Gin,0,0,1
767,Pasta Sides Alfredo,0,0,1
768,Oral Electrolyte Maintenance Solution Grape,0,0,1
769,Graduates Lil Crunchies Veggie Dip,0,0,1
770,Slow Cooker Liners,0,0,1
771,"Mega Shower Foamer with Ultra Cling, Glade Rainshower Fragrance",0,0,1
772,Pain Reliever Fever Reducer Extra Strength For Adults Acetaminophen,0,0,1
773,12 Hour Chest Congestion,0,0,1
774,Lemongrass Long Lasting Deodorant Stick,0,0,1
775,Purple Sweet Potato (Yam),0,0,1
776,Milano,0,0,1
777,Bombay Spice Crunchy Chickpeas,0,0,1
778,Original/Ranch/BBQ/Chile Picante con Limon Variety Pack,0,0,1
779,Spanish Saffron,0,0,1
780,Fresh Waters Scented Oil Refill,0,0,1
781,Triple Blade Cartridges,0,0,1
782,Braided Twist Honey Wheat,0,0,1
783,Relaxing Lavender Bubble Bath,0,0,1
784,Ultimate Flora Critical Care 50 Billion,0,0,1
785,Friends Bunny Grahams,0,0,1
786,Small Household Gloves,0,0,1
787,Indian Samosa Organic Wrap,0,0,1
788,Southern Style White Corn Grits,0,0,1
789,Vinegar Balsamic,0,0,1
790,CopperTop AAA Alkaline,0,0,1
791,Multi-Symptom Relief Caplets,0,0,1
792,Clams Minced In Clam Juice,0,0,1
793,Cotton Rounds,0,0,1
794,Force Flex Large Trash Drawstring Bags Extra Strong,0,0,1
795,Cornichons Extra Fine Gherkins Hand-Picked,0,0,1
796,Natural Care Baby Wipes Fragrance Free,0,0,1
797,Maxi pads Overnight With Flexi-Wings,0,0,1
798,Coarse Grind Cornmeal,0,0,1
799,Summer Pack Variety Bottles,0,0,1
800,Xylitol Sweetener,0,0,1
801,Sriracha Roasted Broad Beans,0,0,1
802,Oil-Free Pink Grapefruit Cleansing Wipes for Acne Prone Skin,0,0,1
803,Hickory Smoke Real Bacon Bits,0,0,1
804,Ultra Thin Regular Pads wth Wings,0,0,1
805,S.O.S Reusable Steel Wool Soap Pads,0,0,1
806,Burrito Grand,0,0,1
807,"Tall Kitchen Bags, Drawstring, Lavender, 13 Gal, Mega Pack",0,0,1
808,Organic Passion Terere Yerba Mate,0,0,1
809,Cutlery Apple Green - 8 PK,0,0,1
810,Hot Fudge Topping,0,0,1
811,Single Origin 1,0,0,1
812,Living Drip-Catch Cuff Gloves,0,0,1
813,Unscented Disposable Dusters Refills,0,0,1
814,Ultimate Flora Vaginal Support Probiotic Supplement Vegetable Capsules,0,0,1
815,Organic Sea Snax,0,0,1
816,Organic Vegetarian & Delicious Four Cheese Tortelloni,0,0,1
817,SleepGels Nighttime Sleep Aid,0,0,1
818,Spearmint,0,0,1
819,Maximum Strength Original Paste Diaper Rash Ointment,0,0,1
820,Cheeze Louise! Vegan Broccoli Poppers,0,0,1
821,Large Rectangle Containers,0,0,1
822,Ultratab® Tablets Allergy,0,0,1
823,6.25 Oz LifeSavers Peppomint Peg,0,0,1
824,Aloe Vera Juice,0,0,1
825,Gluten-Free Tuscan Crackerz,0,0,1
826,Citrus C Monster Smoothie,0,0,1
827,Hydrogen Peroxide Topical Solution,0,0,1
828,Salad Love White Cheddar,0,0,1
829,Organic Clover Sprouts,0,0,1
830,"Crunchin' Grahams, Honey Sticks, 123 Sesame Street",0,0,1
831,Gourmet Jelly Beans 30 Flavors,0,0,1
832,Original Instant Grits,0,0,1
833,Pampers Baby Dry Jumbo Size 3,0,0,1
834,Organic Mash ups Tropical Squeezable Fruit,0,0,1
835,Sushi Nori Toasted Sea Vegetable,0,0,1
836,Solid Air Freshener Pure Linen,0,0,1
837,Rich & Hearty Loaded Potato with Bacon,0,0,1
838,"PODS Laundry Detergent, Original Designed for Regular and HE Washers Laundry",0,0,1
839,Pro-Strength Hair Clog Eliminator With Clorox,0,0,1
840,Thin Dailies Unscented Wrapped Pantiliners,0,0,1
841,Eat Your Colors Purples Puree Baby Food,0,0,1
842,Organic Kelp Granules,0,0,1
843,Ume Plum Vinegar,0,0,1
844,Pasteurized Apple Cider,0,0,1
845,Old Vine Zin,0,0,1
846,Sheer Floral Sensitive Skin Cleansing Cloths,0,0,1
847,Organic Beans Red Kidney,0,0,1
848,Homemade Membrillo Quince Paste,0,0,1
849,Pinot Noir Rose,0,0,1
850,Neosporin 24 Hour Infection Protection First Aid Antibiotic Ointment,0,0,1
851,Men Cool Rush Anti-Persperant Twin Pack,0,0,1
852,Organic Whole Star Anise,0,0,1
853,70% Isopropyl Rubbing Alcohol,0,0,1
854,Free Ride Hibiscus Brew Herbal Refresher,0,0,1
855,Spring Meadow Scent Pods,0,0,1
856,Quick Enriched Hominy Grits,0,0,1
857,Non Pareil Capers,0,0,1
858,Rainbow Peppercorns,0,0,1
859,Gentle Skin Cleanser,0,0,1
860,Just Once Prenatal One Multivitamin,0,0,1
861,Fuji Apple Crisps,0,0,1
862,STREITS QN01 LIGHTLY SLTD MTZO 11Z,0,0,1
863,Tamarind Paste,0,0,1
864,Organic Flax Seed,0,0,1
865,Unbeatable Blues,0,0,1
866,Chicharrones Pork Rinds,0,0,1
867,Organic Peas Please Garden Herb,0,0,1
868,Tonic Meyer Lemon,0,0,1
869,Deluxe Beef Stroganoff Hamburger Helper,0,0,1
870,Organic Kalamata Olive Spread,0,0,1
871,Habanero Pepper,0,0,1
872,NUT-rition Men's Health Recommended Mix,0,0,1
873,Organic Split Green Peas,0,0,1
874,Vinho Verde,0,0,1
875,Organic Sunflower Kernels,0,0,1
876,Whole Pine Nut,0,0,1
877,"Water, Natural Spring",0,0,1
878,High Endurance Pure Sport Anti-Perspirant/Deodorant,0,0,1
879,Poppy Seed,0,0,1
880,Madagascar Bourbon Whole Vanilla Beans,0,0,1
881,Zesty Pizza Sprouted Flax Snax,0,0,1
882,"Riesling, Colombia Valley, Vintage 2013",0,0,1
883,Healing Ointment Tube,0,0,1
884,"Rice, Jasmine, Organic Brown",0,0,1
885,Fabric Refresher Pet Odor Eliminator Air Freshener,0,0,1
886,Chunks In Heavy Syrup Pineapple,0,0,1
887,Solid Original Clean Deodorant Clinical Protection,0,0,1
888,Bac-Out Stain & Odor Remover,0,0,1
889,Assorted Sheer Strip Bandages,0,0,1
890,Digestive European Biscuits,0,0,1
891,Organic Mighty Sticks,0,0,1
892,"Fruity Bears, Organic",0,0,1
893,Baby Bee Face & Hand Cloths,0,0,1
894,Pear Foam Pump,0,0,1
895,Wrap Aluminum Foil Heavy Duty,0,0,1
896,Strike On Box Matches,0,0,1
897,Max Strength Liquid Upset Stomach Reliever/Anti-Diarrheal,0,0,1
898,Fettuccini,0,0,1
899,Natural Strawberry Jel Dessert,0,0,1
900,Extra Strength Glacier Mint Drops With Natural Menthol,0,0,1
901,Everything Flatbreads,0,0,1
902,NyQuil Severe Cold & Flu,0,0,1
903,Southwest Flavor Tortilla Strips,0,0,1
904,Stems & Pieces Mushrooms,0,0,1
905,Lavender Fields Incense Sticks,0,0,1
906,ForceFlex Medium Quick-Tie Garbage,0,0,1
907,12 Year Old Single Malt Scotch Speyside,0,0,1
908,13 Gallon Lavender Vanilla Scented Tall Drawstring,0,0,1
909,Steamed Lentils,0,0,1
910,Aerosol,0,0,1
911,Banana Cream Instant Pudding,0,0,1
912,Night Time Sleep Aid,0,0,1
913,"Cat Food, Indoor Health, Adult",0,0,1
914,Organic Mushroom Base,0,0,1
915,Punjab Eggplant,0,0,1
916,Triple Razor,0,0,1
917,Nasal Relief Simply Saline Nasal Mist,0,0,1
918,Children's Dye Free With Grape,0,0,1
919,Belgian White,0,0,1
920,"Wakame, Pacific, Silver Grade, Ready-to-Use",0,0,1
921,Bold & Spicy Bloody Mary Mix,0,0,1
922,Positively Radiant Daily Moisturizer Broad Spectrum SPF 15,0,0,1
923,Laxative Unflavored,0,0,1
924,Rain Bath Refreshing Shower Gel,0,0,1
925,Gold Bears Gummi Bears,0,0,1
926,Type 1&3 Super Collagen Dietary Supplement Powder,0,0,1
927,Premium Wild-Caught Pink Salmon Skinless & Boneless,0,0,1
928,Rainbow Jimmies Sprinkles,0,0,1
929,Gluten Free Cracklebred Sun Dried Tomato & Oregano,0,0,1
930,Natural Moisturizing Cream Shave Unscented,0,0,1
931,Dog Food With Beef in Meaty Juices,0,0,1
932,Riesling,0,0,1
933,Very Young Small Small Peas,0,0,1
934,Pitcher Replacement Filters,0,0,1
935,Organic Coco Whip,0,0,1
936,"2% Cottage Cheese, Small Curd",0,0,1
937,EcoNet Recycled Bath Sponge,0,0,1
938,Fudge Graham Nutrition,0,0,1
939,Ultra Strength Assorted Berries Antacid,0,0,1
940,OneZip Storage Bags Quart Size Value Pack,0,0,1
941,Orange Liqueur,0,0,1
942,Simple Syrup,0,0,1
943,Oxygen Bleach Plus,0,0,1
944,Skinless Boneless Smoked Sardine Fillets,0,0,1
945,Ready Wipe Flushable Wipes,0,0,1
946,"Fabric Softener, Free & Gentle",0,0,1
947,Organic Kiwi Bag,0,0,1
948,3 Minute Miracle Moist Deep Conditioning Treatment,0,0,1
949,Clear Pore Cleanser/Mask,0,0,1
950,"Children's Bubble Gum Fever Reducer and Pain Reliever, for Ages 2-11 years",0,0,1
951,Fiber Harmony Certified Organic  Whole Husk Psyllium,0,0,1
952,Prime Premium Black Beans,0,0,1
953,Organic Herbal Variety Pack,0,0,1
954,Graham Style Pie Crust,0,0,1
955,Organic Onion Granules,0,0,1
956,Persa-Gel® 10 Maximum Strength Acne Treatments,0,0,1
957,TAB,0,0,1
958,"Asian Sauces, Gourmet, Thai Peanut",0,0,1
959,Echinacea Supreme Extract,0,0,1
960,"Eye Makeup Remover, Chamomile & Green Tea",0,0,1
961,"Gloves, Premium Latex, M",0,0,1
962,GoodNites® Disposable Bed Mats,0,0,1
963,"Towelettes, Make Up Removing, Face",0,0,1
964,Moroccan Tagine,0,0,1
965,D3 1000 IU,0,0,1
966,Organic Balance Vanilla Bean Protein Shake,0,0,1
967,Chewy Girl Scouts Thin Mints,0,0,1
968,Organic Butternut Squash Bisque,0,0,1
969,Gluten Free All Purpose Baking Flour,0,0,1
970,Soft White 60 Watts Halogen Bulb,0,0,1
971,Pomegranate Moisturizing Lip Balm,0,0,1
972,Organic Blueberries Package,0,0,1
973,Dairy Free Live Acidophilus,0,0,1
974,Birthday Candles,0,0,1
975,"Fit Super A Juice, Cold Pressed, Carrot/Apple/Ginger",0,0,1
976,Angel Hair,0,0,1
977,Raise The Roots Kombucha,0,0,1
978,Junmai Sake,0,0,1
979,"Melatonin, 3 mg, Tablets",0,0,1
980,Teriyaki Baste & Glaze,0,0,1
981,Apollo Daily Fragrance,0,0,1
982,Pull-Ups Training Pants Learning Designs 3T-4T 32-40 Lbs,0,0,1
983,Reclosable Sandwich Bags Double Zipper,0,0,1
984,Wonton Strips,0,0,1
985,Artichoke Ravioli,0,0,1
986,Bac'n Pieces,0,0,1
987,Polenta Enriched Corn Meal,0,0,1
988,Flat Toothpicks,0,0,1
989,Ibuprofen Tablets NSAID,0,0,1
990,Cafe Latte Vanilla,0,0,1
991,Unfrosted Strawberry Pop Tarts,0,0,1
992,Magnesium Citrate,0,0,1
993,Rubbed Sage,0,0,1
994,Soothing Hydro Serum Facial Mask,0,0,1
995,"Sauvignon Blanc, Napa County",0,0,1
996,Superfood Currant Cacao & Hemp Seedbar,0,0,1
997,Delicate Blossom Cleansing Wash,0,0,1
998,Flu & Sore Throat Packets Pain Reliever/Fever Reducer,0,0,1
999,Original Hard Lemonade,0,0,1
